-0.1233190968632698,0.053301241248846054,0.0724455788731575,0.03336355835199356,-0.04402701556682587,-0.110173299908638,0.032210737466812134,-0.03404057025909424,0.12920981645584106,-0.04648454114794731,0.28630727529525757,-0.07894779741764069,-0.225033700466156,-0.058693673461675644,0.028807763010263443,0.14610354602336884,-0.1624370813369751,-0.049839235842227936,-0.014921947382390499,-0.03176173195242882,0.0955684706568718,-0.04482797160744667,-0.019213832914829254,0.10094098001718521,-0.04306437075138092,-0.41028091311454773,-0.15306919813156128,-0.1211710199713707,0.036985740065574646,-0.07224540412425995,-0.018775202333927155,0.06715239584445953,-0.12693868577480316,-0.08887918293476105,-0.010699129663407803,5.5952928960323334e-05,-0.009267836809158325,-0.054687872529029846,0.16434063017368317,0.026005975902080536,-0.14149224758148193,-0.0020174370147287846,-0.032677218317985535,0.2753998935222626,0.1590573787689209,0.08289630711078644,0.0008262563496828079,-0.0690474733710289,0.012870527803897858,-0.15708570182323456,-0.014151563867926598,0.16334064304828644,0.07458017766475677,0.05944039672613144,-0.030199764296412468,-0.10492034256458282,0.07277248054742813,0.01905541867017746,-0.2564470171928406,-0.0020724504720419645,0.03331607207655907,-0.14666931331157684,-0.052127089351415634,-0.011014511808753014,0.24161271750926971,0.09313061088323593,-0.08301139622926712,-0.15711449086666107,0.13632428646087646,-0.16110700368881226,-0.05158562585711479,0.010051548480987549,-0.19193649291992188,-0.18340933322906494,-0.2830490469932556,0.09959792345762253,0.3700172007083893,0.08775344491004944,-0.17594462633132935,0.0851292610168457,-0.12797902524471283,-0.010669151321053505,0.10929518938064575,0.10575655102729797,-0.037062566727399826,-0.06634997576475143,-0.11510525643825531,0.009869378991425037,0.08664265275001526,-0.055079385638237,-0.037654533982276917,0.19076932966709137,-0.0527157336473465,0.05924538895487785,0.06070895120501518,-0.002123554702848196,-0.061201855540275574,0.04354294016957283,-0.07258393615484238,-0.0480324923992157,0.11876305192708969,-0.0643472895026207,0.005399185232818127,0.09214382618665695,-0.21150952577590942,0.09534922242164612,0.0008952324278652668,0.0005278913304209709,0.07314978539943695,4.736927803605795e-05,-0.152299702167511,-0.07511584460735321,0.14417292177677155,-0.23948289453983307,0.2296876758337021,0.21304185688495636,0.04440804198384285,0.11386209726333618,0.0607605054974556,0.07383440434932709,-0.056073207408189774,-0.03449418395757675,-0.21051190793514252,0.039622317999601364,0.10705171525478363,0.00882122851908207,0.012627008371055126,-0.0353066623210907
-0.11967020481824875,0.0039279283955693245,0.048279210925102234,-0.005542687140405178,-0.040980808436870575,-0.1052664965391159,0.02273508533835411,-0.05574381351470947,0.1214120164513588,-0.06143985316157341,0.2917044162750244,-0.05686270818114281,-0.2311372309923172,-0.08661744743585587,0.006572593003511429,0.1600913256406784,-0.17755115032196045,-0.06779345870018005,0.002700790762901306,-0.025196829810738564,0.08307770639657974,-0.05360120162367821,-0.030506107956171036,0.11712333559989929,-0.05368926748633385,-0.36934253573417664,-0.16687026619911194,-0.104660265147686,-0.005775155499577522,-0.0473768450319767,-0.029431253671646118,0.07452303171157837,-0.12675689160823822,-0.07132740318775177,-0.00318220816552639,0.004212674684822559,0.008411208167672157,-0.06795240938663483,0.1793200522661209,0.03958338871598244,-0.13979190587997437,0.009998606517910957,-0.0021444046869874,0.27259042859077454,0.14770576357841492,0.0640648603439331,0.005382082425057888,-0.06187892332673073,0.05456417053937912,-0.15389713644981384,-0.014046130701899529,0.16135519742965698,0.08925880491733551,0.0426470972597599,-0.03838745504617691,-0.10958153009414673,0.06299437582492828,0.03496195748448372,-0.23078638315200806,-0.0010609433520585299,0.01306689903140068,-0.1365111619234085,-0.042321883141994476,-0.0372646264731884,0.24811112880706787,0.10295550525188446,-0.10954205691814423,-0.1750960797071457,0.13259214162826538,-0.1602146476507187,-0.08241043239831924,-0.0024392842315137386,-0.21410910785198212,-0.17756593227386475,-0.3095637559890747,0.09575942158699036,0.35650569200515747,0.08655388653278351,-0.18470877408981323,0.10469315201044083,-0.11509144306182861,-0.012390565127134323,0.11495611816644669,0.1342858374118805,-0.018432972952723503,-0.027830276638269424,-0.11656734347343445,-0.021125342696905136,0.11623743176460266,-0.04822511970996857,-0.04664244502782822,0.20308640599250793,-0.039688944816589355,0.08006752282381058,0.06986197084188461,-0.004674060270190239,-0.045691151171922684,0.034230832010507584,-0.07916110008955002,-0.014906065538525581,0.08709019422531128,-0.05235305428504944,0.01675284281373024,0.08950507640838623,-0.17926408350467682,0.08020015805959702,-0.00040052784606814384,0.013417290523648262,0.04476102441549301,0.017839282751083374,-0.1644897162914276,-0.09301520138978958,0.11215554177761078,-0.24795180559158325,0.21296903491020203,0.18880392611026764,0.06209501996636391,0.10413765907287598,0.08046641945838928,0.08219653367996216,-0.06517873704433441,-0.012806889601051807,-0.18775074183940887,0.030544616281986237,0.11471833288669586,0.0061979335732758045,0.048702675849199295,-0.023506293073296547
-0.14021514356136322,0.0012822272256016731,0.0550832524895668,-0.0010222464334219694,-0.048665162175893784,-0.11930850148200989,0.019275961443781853,-0.056531187146902084,0.10865610092878342,-0.07863984256982803,0.30441612005233765,-0.06734410673379898,-0.2092565894126892,-0.06735683232545853,-0.016235310584306717,0.15016621351242065,-0.19106367230415344,-0.05219192057847977,-0.01670440472662449,-0.015804128721356392,0.08143039047718048,-0.04190148785710335,-0.04489774629473686,0.10690295696258545,-0.07380939275026321,-0.35170960426330566,-0.15289665758609772,-0.10798685252666473,-0.000649317167699337,-0.05242333933711052,-0.02143002860248089,0.08483174443244934,-0.13225480914115906,-0.06625191122293472,-0.007272019051015377,0.015020792372524738,-0.015019376762211323,-0.03988433629274368,0.18096782267093658,0.02937157452106476,-0.1447805017232895,-0.00262654572725296,-0.0034933816641569138,0.2654106616973877,0.15611836314201355,0.05073663964867592,-0.017103977501392365,-0.0706547424197197,0.04762069135904312,-0.17626991868019104,-0.03142252564430237,0.15691179037094116,0.09005135297775269,0.06222154200077057,-0.037326205521821976,-0.08929063379764557,0.06831443309783936,0.03748347610235214,-0.24745914340019226,-0.012085427530109882,0.007096516899764538,-0.1638014018535614,-0.044321320950984955,-0.021537015214562416,0.23003938794136047,0.10355021804571152,-0.10539496690034866,-0.17332567274570465,0.14936737716197968,-0.18463397026062012,-0.0858098492026329,0.010133330710232258,-0.16795319318771362,-0.17865025997161865,-0.33648914098739624,0.07125402241945267,0.35575515031814575,0.08471189439296722,-0.1691078543663025,0.10454630106687546,-0.11518443375825882,-0.04348903149366379,0.11332820355892181,0.11872377246618271,-0.026202479377388954,-0.03985220193862915,-0.10153219848871231,-0.013929514214396477,0.11121542751789093,-0.050955094397068024,-0.03149966523051262,0.19060076773166656,-0.02977011166512966,0.06491588056087494,0.07937107980251312,-0.0021152771078050137,-0.04733670875430107,0.020393718034029007,-0.07107731699943542,0.0045138197019696236,0.0654202252626419,-0.05938050150871277,0.013016936369240284,0.09312860667705536,-0.1686573475599289,0.09346595406532288,0.001009154599159956,-0.0072386786341667175,0.046277016401290894,0.006470304913818836,-0.16296520829200745,-0.10258405655622482,0.11264211684465408,-0.25883781909942627,0.20383325219154358,0.18320465087890625,0.051062289625406265,0.11109908670186996,0.0803225189447403,0.06751817464828491,-0.07503555715084076,-0.003730958327651024,-0.19343751668930054,0.023867469280958176,0.10723607242107391,-0.0032443362288177013,0.03266913443803787,-0.029544593766331673
-0.11893898248672485,0.021594125777482986,0.07939888536930084,0.005485212430357933,-0.027916450053453445,-0.1355089694261551,0.013457341119647026,-0.04840543493628502,0.11789721250534058,-0.07563836127519608,0.28881120681762695,-0.054187119007110596,-0.2260536402463913,-0.0879097729921341,0.0019151861779391766,0.15782390534877777,-0.18207776546478271,-0.06440161168575287,-0.005898463539779186,-0.027491889894008636,0.09650713205337524,-0.03232484683394432,-0.02055707760155201,0.09545263648033142,-0.0344015508890152,-0.37062764167785645,-0.16505207121372223,-0.10943327099084854,0.01584203541278839,-0.05039238557219505,-0.03504319489002228,0.055040791630744934,-0.1487847864627838,-0.07556840777397156,-0.009283138439059258,0.0007099108770489693,-0.008985834196209908,-0.0582316629588604,0.1699134260416031,0.022771554067730904,-0.1312417984008789,0.0018654847517609596,-0.013361887075006962,0.24770736694335938,0.16903983056545258,0.07073915004730225,-0.004616828635334969,-0.08655144274234772,0.04527713358402252,-0.14769265055656433,-0.01743040233850479,0.16739033162593842,0.09424412250518799,0.06895347684621811,-0.03856759890913963,-0.11136557906866074,0.0637793242931366,0.026981400325894356,-0.23570702970027924,-0.010911684483289719,0.019450470805168152,-0.14554253220558167,-0.057514823973178864,-0.029948947951197624,0.23596985638141632,0.08866986632347107,-0.10885394364595413,-0.18819904327392578,0.14334870874881744,-0.18794915080070496,-0.07069870084524155,0.008529450744390488,-0.1900465339422226,-0.16168318688869476,-0.30077216029167175,0.07980449497699738,0.3323163390159607,0.07179655134677887,-0.18346020579338074,0.09521926939487457,-0.12318587303161621,-0.0162343829870224,0.10650560259819031,0.1233268603682518,-0.01857924275100231,-0.0439930334687233,-0.11468958854675293,-0.025341589003801346,0.1008404791355133,-0.06349534541368484,-0.0338936522603035,0.18310463428497314,-0.04368707910180092,0.08364269882440567,0.06630757451057434,-0.009686891920864582,-0.0538007915019989,0.03866872936487198,-0.07645949721336365,-0.0015657278709113598,0.060242850333452225,-0.05959981679916382,-0.013107932172715664,0.08258791267871857,-0.1522148698568344,0.08697333186864853,-0.001844504615291953,0.00517877284437418,0.03981214016675949,0.00021385133732110262,-0.1678890585899353,-0.10599885880947113,0.10878851264715195,-0.23736035823822021,0.23868577182292938,0.19342951476573944,0.04357874393463135,0.11350671947002411,0.06953291594982147,0.10771845281124115,-0.07567829638719559,-0.01727883704006672,-0.2034381479024887,0.02432234212756157,0.10786076635122299,0.004965346772223711,0.03088735044002533,-0.03896113857626915
-0.1265009194612503,0.022448934614658356,0.06483745574951172,-0.0010043573565781116,-0.01179778203368187,-0.1384301632642746,0.0064619965851306915,-0.05385248735547066,0.1425989717245102,-0.07701820880174637,0.30292248725891113,-0.05555104464292526,-0.23650674521923065,-0.08499971777200699,0.0014861831441521645,0.14652873575687408,-0.20032624900341034,-0.06900973618030548,0.007803597487509251,-0.026742778718471527,0.09106564521789551,-0.06247255206108093,-0.010183976031839848,0.10095460712909698,-0.05520898103713989,-0.36491847038269043,-0.16171017289161682,-0.1213635727763176,0.017625100910663605,-0.06156698614358902,-0.027177568525075912,0.051405902951955795,-0.158052459359169,-0.07886981964111328,-0.019001439213752747,0.006359543651342392,-0.013319377787411213,-0.04668833687901497,0.18624813854694366,0.02200097218155861,-0.12388770282268524,-0.018702562898397446,-0.038515109568834305,0.2637776732444763,0.17057809233665466,0.06410866975784302,-0.01091545820236206,-0.08813117444515228,0.0423516146838665,-0.16797353327274323,-0.018228888511657715,0.1725580096244812,0.08665893971920013,0.06737270951271057,-0.043582361191511154,-0.10483735054731369,0.06289173662662506,0.04728062450885773,-0.25579097867012024,-0.0029238974675536156,0.028766587376594543,-0.142396479845047,-0.0602860152721405,-0.03377513587474823,0.24879726767539978,0.10692588239908218,-0.11867301911115646,-0.18266236782073975,0.15475089848041534,-0.1867666244506836,-0.07116234302520752,0.009641490876674652,-0.17757049202919006,-0.18746855854988098,-0.3083063066005707,0.0720643699169159,0.31935742497444153,0.08798089623451233,-0.1840042620897293,0.09091353416442871,-0.12583567202091217,-0.022495506331324577,0.10780485719442368,0.11703775823116302,-0.020922910422086716,-0.029584761708974838,-0.11101962625980377,-0.026318715885281563,0.0954061821103096,-0.05252786725759506,-0.03995300084352493,0.18063917756080627,-0.04908405616879463,0.08304496109485626,0.07176053524017334,-0.009227537550032139,-0.056543875485658646,0.033577628433704376,-0.1100754365324974,-0.0008952915668487549,0.03931276127696037,-0.044972654432058334,-0.013586143031716347,0.08089908957481384,-0.14184899628162384,0.09625080972909927,0.008327048271894455,-0.01329602301120758,0.01888888329267502,-0.006985350977629423,-0.16461533308029175,-0.10511528700590134,0.11510153859853745,-0.2568800747394562,0.23910409212112427,0.19838005304336548,0.06926356256008148,0.12286856770515442,0.06478530168533325,0.08571413904428482,-0.0716523677110672,-0.013669321313500404,-0.20903272926807404,0.030292775481939316,0.09599041938781738,0.003313413355499506,0.03737710416316986,-0.04322921112179756
-0.1153755709528923,0.018422123044729233,0.05548536777496338,0.008176854811608791,-0.02817458100616932,-0.10123893618583679,0.008507296442985535,-0.06666667759418488,0.11802054196596146,-0.08582252264022827,0.2772257626056671,-0.06005198508501053,-0.21463477611541748,-0.09818319231271744,-0.003096753265708685,0.15061791241168976,-0.17821694910526276,-0.0727391466498375,-0.00759356003254652,-0.02136964164674282,0.11519962549209595,-0.04507240280508995,-0.015089230611920357,0.07132876664400101,-0.06917988508939743,-0.36797985434532166,-0.16080914437770844,-0.10912436246871948,0.02227795496582985,-0.04470701888203621,-0.028059419244527817,0.05864579230546951,-0.14062759280204773,-0.07198993861675262,-0.009532268159091473,-0.002601618878543377,-0.0010274008382111788,-0.05643315985798836,0.17920173704624176,0.023117564618587494,-0.14674489200115204,-0.001594670582562685,-0.0035278629511594772,0.2469913363456726,0.16920794546604156,0.0688260868191719,-0.004135230556130409,-0.07748199999332428,0.04719950631260872,-0.15811589360237122,-0.01756180264055729,0.15511372685432434,0.0749536082148552,0.06793718039989471,-0.022922702133655548,-0.10943198949098587,0.06289184093475342,0.009270552545785904,-0.22694753110408783,-0.010669482871890068,0.01524865161627531,-0.1415151208639145,-0.049255065619945526,-0.026354296132922173,0.23902148008346558,0.08426245301961899,-0.10137128829956055,-0.18879632651805878,0.15130558609962463,-0.17283670604228973,-0.06829491257667542,0.0019019432365894318,-0.18377090990543365,-0.16677848994731903,-0.30423521995544434,0.0742156058549881,0.34082216024398804,0.08222542703151703,-0.183539018034935,0.11173037439584732,-0.10923682898283005,-0.024562247097492218,0.12152386456727982,0.13335372507572174,-0.00014106184244155884,-0.022241991013288498,-0.10166548937559128,-0.030176520347595215,0.1112668588757515,-0.07288959622383118,-0.044753070920705795,0.19816304743289948,-0.04215311259031296,0.07625099271535873,0.07988356798887253,-0.003869056235998869,-0.06277008354663849,0.04121552035212517,-0.08865109831094742,-0.00817897915840149,0.0806000828742981,-0.0481996014714241,0.006345965899527073,0.09130285680294037,-0.1420391947031021,0.09582385420799255,-0.008090892806649208,0.008910445496439934,0.03730800747871399,-0.010553714819252491,-0.16923214495182037,-0.0945456475019455,0.10556390136480331,-0.23926472663879395,0.22166728973388672,0.1852586418390274,0.05259833484888077,0.11594247072935104,0.09755518287420273,0.09262580424547195,-0.049182262271642685,0.009143835864961147,-0.20447978377342224,0.017376258969306946,0.10018299520015717,0.001610353123396635,0.02544156275689602,-0.027198441326618195
-0.10600297898054123,0.014816041104495525,0.04164154827594757,0.010979283601045609,-0.021578336134552956,-0.10382303595542908,0.0007880805060267448,-0.0844922587275505,0.13624738156795502,-0.1030663549900055,0.27754703164100647,-0.056832361966371536,-0.21783038973808289,-0.10251078009605408,-0.01156604290008545,0.1830252707004547,-0.17860957980155945,-0.06519796699285507,-0.03424064442515373,-0.01345033198595047,0.10664764791727066,-0.02323286235332489,0.004127416759729385,0.06753440201282501,-0.023916400969028473,-0.37230345606803894,-0.14853772521018982,-0.11522907763719559,0.020255615934729576,-0.040236059576272964,-0.053786247968673706,0.03784985840320587,-0.1537003070116043,-0.08259112387895584,-0.010250712744891644,0.0033546993508934975,-0.016360647976398468,-0.0634927898645401,0.18558970093727112,0.001611156389117241,-0.16444960236549377,-0.002036402467638254,-0.00127435103058815,0.22872133553028107,0.17004330456256866,0.08048927038908005,1.9555911421775818e-05,-0.09622590988874435,0.053878553211688995,-0.14881128072738647,-0.01924462988972664,0.13633032143115997,0.09114594012498856,0.05712258443236351,-0.024860817939043045,-0.09885995090007782,0.06552078574895859,0.03547210991382599,-0.20320440828800201,-0.017366334795951843,0.05207783728837967,-0.14580531418323517,-0.04246167093515396,-0.009398085065186024,0.26876282691955566,0.07087338715791702,-0.09773772209882736,-0.16735121607780457,0.14754930138587952,-0.16015584766864777,-0.06874633580446243,-0.0039276243187487125,-0.18078863620758057,-0.18351848423480988,-0.2923535406589508,0.05966317653656006,0.34179452061653137,0.08050987124443054,-0.17772799730300903,0.10999403893947601,-0.10193613916635513,-0.0014751297421753407,0.1551935374736786,0.13428917527198792,0.011503158137202263,-0.02601018361747265,-0.11922715604305267,-0.02200382761657238,0.13971541821956635,-0.09236066043376923,-0.033538758754730225,0.19356200098991394,-0.04548826813697815,0.07222570478916168,0.05030391365289688,-0.014399928972125053,-0.041758809238672256,0.05642527714371681,-0.09161297231912613,0.0004311748780310154,0.10184283554553986,-0.013265054672956467,0.009538818150758743,0.0756603553891182,-0.1272830367088318,0.07467519491910934,-0.015426011756062508,0.02065018191933632,0.05795542895793915,-0.030966786667704582,-0.1563764214515686,-0.09112183749675751,0.10101445764303207,-0.2105964720249176,0.24350610375404358,0.1714480221271515,0.04555997624993324,0.11442525684833527,0.08919086307287216,0.10143577307462692,-0.04365304112434387,-0.013322439976036549,-0.245232954621315,0.011952650733292103,0.13589045405387878,0.01700970157980919,0.06822928786277771,-0.02591135911643505
-0.11270260810852051,0.010333019308745861,0.07048104703426361,0.02597804367542267,-0.015139144845306873,-0.12097474187612534,0.014070332981646061,-0.06292117387056351,0.12987791001796722,-0.0728461816906929,0.2942502200603485,-0.05493935942649841,-0.23521816730499268,-0.07175006717443466,-0.02262054942548275,0.1610293686389923,-0.17797496914863586,-0.05349823087453842,-0.021803153678774834,0.0018228404223918915,0.11746557056903839,-0.04449046030640602,-0.006256952881813049,0.07452528178691864,-0.05874010547995567,-0.3608463406562805,-0.14592497050762177,-0.10815323144197464,-0.0017986195161938667,-0.0396965928375721,-0.04488993436098099,0.05600463226437569,-0.14780694246292114,-0.08295172452926636,-0.0049672359600663185,-0.0004616817459464073,-0.017150355502963066,-0.057260431349277496,0.1865168809890747,0.015009022317826748,-0.1652650535106659,0.001992845442146063,-0.0047672707587480545,0.24643342196941376,0.17666341364383698,0.07993685454130173,-0.009287502616643906,-0.0916876494884491,0.052224431186914444,-0.17629356682300568,-0.01757338084280491,0.14385652542114258,0.08393826335668564,0.07426349818706512,-0.02543526142835617,-0.11820399761199951,0.0668586790561676,0.016538627445697784,-0.2180868536233902,-0.01583373174071312,0.028233418241143227,-0.15332132577896118,-0.03282441571354866,-0.025938205420970917,0.24431118369102478,0.08095883578062057,-0.1118653267621994,-0.16309629380702972,0.13676440715789795,-0.1783343404531479,-0.06621283292770386,0.008641742169857025,-0.18061350286006927,-0.181634321808815,-0.3215213119983673,0.06211937218904495,0.35272514820098877,0.07475489377975464,-0.19020508229732513,0.0957043319940567,-0.1000661551952362,-0.0100600216537714,0.1374908685684204,0.14546535909175873,0.008555222302675247,-0.020677199587225914,-0.1136394813656807,-0.03928827494382858,0.12521375715732574,-0.08076123893260956,-0.048347167670726776,0.19484105706214905,-0.042101796716451645,0.07183550298213959,0.07331643998622894,6.64684921503067e-06,-0.05489787831902504,0.03667330741882324,-0.09771474450826645,0.004715549759566784,0.06777400523424149,-0.02876143530011177,-0.0007161726243793964,0.08100582659244537,-0.13456664979457855,0.07691361755132675,-0.00849459134042263,0.011040538549423218,0.04875921830534935,-0.019151873886585236,-0.1633227914571762,-0.1012391522526741,0.09398263692855835,-0.23912616074085236,0.23311106860637665,0.17552825808525085,0.04788483306765556,0.11000499874353409,0.07637066394090652,0.09159907698631287,-0.05922966077923775,0.018129052594304085,-0.21103714406490326,0.014828702434897423,0.11312983185052872,0.012593168765306473,0.0532219372689724,-0.03897763788700104
-0.09903707355260849,0.02125782147049904,0.0848996490240097,0.03378397971391678,-0.027150265872478485,-0.13791845738887787,0.006101783365011215,-0.0900670737028122,0.11247394233942032,-0.1054900735616684,0.33472740650177,-0.06496039777994156,-0.21190187335014343,-0.05040670931339264,-0.024795107543468475,0.13585999608039856,-0.18811285495758057,-0.027540910989046097,-0.03213263675570488,-0.003600764088332653,0.12246299535036087,-0.045318152755498886,0.011528300121426582,0.07127048820257187,-0.020989609882235527,-0.3733988106250763,-0.1674748808145523,-0.11695151776075363,0.05752415955066681,-0.05557200685143471,-0.059479035437107086,0.03518788516521454,-0.12776240706443787,-0.07705113291740417,-0.020846039056777954,0.0288093201816082,-0.014561542309820652,-0.053682539612054825,0.20264437794685364,-0.010068194009363651,-0.14427663385868073,0.020196612924337387,-0.034718070179224014,0.2534269094467163,0.17162613570690155,0.04636288061738014,-0.005857232958078384,-0.0912594124674797,0.06728027015924454,-0.18768301606178284,-0.00265301950275898,0.15879260003566742,0.08382411301136017,0.08322200924158096,-0.036374788731336594,-0.07969483733177185,0.05509010702371597,0.056513238698244095,-0.20915549993515015,-0.021330229938030243,0.06899621337652206,-0.12148503959178925,-0.050635140389204025,-0.02237502671778202,0.21535798907279968,0.10736116021871567,-0.10990255326032639,-0.1590401828289032,0.12250164151191711,-0.18852658569812775,-0.07107135653495789,-0.012475261464715004,-0.1993986964225769,-0.1630948781967163,-0.28325340151786804,0.052053168416023254,0.3845677077770233,0.06823477149009705,-0.16961412131786346,0.08798520267009735,-0.1457415521144867,-0.02248268947005272,0.13688020408153534,0.08850158751010895,0.01207321509718895,-0.018636230379343033,-0.12157333642244339,0.01467043999582529,0.11379317194223404,-0.0956609696149826,-0.013516813516616821,0.19868029654026031,-0.03422592207789421,0.10380414873361588,0.07239005714654922,0.004328615963459015,-0.037088751792907715,0.027338188141584396,-0.11921808123588562,0.024139404296875,0.04582267254590988,-0.040811993181705475,-0.017232848331332207,0.0583617240190506,-0.16958925127983093,0.11456169933080673,0.01302370522171259,0.02268727496266365,0.08076360076665878,-0.03264301270246506,-0.16140921413898468,-0.08181493729352951,0.13130661845207214,-0.2314145267009735,0.22182494401931763,0.19393999874591827,0.062187161296606064,0.10688547790050507,0.06838355213403702,0.06894347071647644,-0.055191121995449066,-0.021791158244013786,-0.2495013028383255,0.02508540078997612,0.08638724684715271,0.021618591621518135,-0.009010800160467625,-0.0446016825735569
-0.1167510598897934,0.0008138716220855713,0.045496199280023575,0.0039618294686079025,-0.02741546556353569,-0.09529634565114975,0.002273041754961014,-0.06795310229063034,0.12050440907478333,-0.08341853320598602,0.2895442843437195,-0.056700751185417175,-0.2262154072523117,-0.0933922752737999,-0.00472445972263813,0.16728100180625916,-0.16978731751441956,-0.07171323150396347,-0.028516199439764023,-0.011991804465651512,0.10306625068187714,-0.05018344148993492,-0.009678146801888943,0.07503677159547806,-0.055029794573783875,-0.36983463168144226,-0.15596328675746918,-0.10725636035203934,0.0008961046114563942,-0.043329235166311264,-0.033684056252241135,0.05474501848220825,-0.14774100482463837,-0.06965704262256622,-0.002286655828356743,0.011707288213074207,-0.009476007893681526,-0.06282690912485123,0.1786290556192398,0.018789013847708702,-0.16184087097644806,0.009657248854637146,0.005664465948939323,0.2295125126838684,0.16952408850193024,0.07664988934993744,-0.001960471272468567,-0.08338899165391922,0.053969014436006546,-0.16450528800487518,-0.017276421189308167,0.1514425277709961,0.0773397907614708,0.06490610539913177,-0.02463151142001152,-0.1119958683848381,0.07578364759683609,0.022412054240703583,-0.21041260659694672,-0.01663856953382492,0.0274535920470953,-0.14087818562984467,-0.04069484770298004,-0.023634612560272217,0.24351467192173004,0.08299091458320618,-0.1112842857837677,-0.18456673622131348,0.12582479417324066,-0.16952510178089142,-0.0686255693435669,0.008004527539014816,-0.1917351931333542,-0.18070796132087708,-0.3158411979675293,0.07019354403018951,0.35241788625717163,0.07752012461423874,-0.17986124753952026,0.11152784526348114,-0.10560856759548187,-0.017151322215795517,0.12331372499465942,0.13682423532009125,0.003097767010331154,-0.024913091212511063,-0.11653565615415573,-0.03919997066259384,0.12964800000190735,-0.07041077315807343,-0.034823574125766754,0.20618712902069092,-0.047801673412323,0.08425328880548477,0.06554455310106277,0.0044743772596120834,-0.056193795055150986,0.034732140600681305,-0.07778322696685791,-0.006077610421925783,0.071906678378582,-0.037344928830862045,0.0053612301126122475,0.07442325353622437,-0.14444176852703094,0.08350029587745667,-0.02002020552754402,0.02740783616900444,0.043722670525312424,-0.011213832534849644,-0.16081048548221588,-0.09292031824588776,0.09723565727472305,-0.2406831532716751,0.21813687682151794,0.18653923273086548,0.059646811336278915,0.1053241640329361,0.1094793975353241,0.09297260642051697,-0.056102048605680466,0.01285017654299736,-0.22028198838233948,0.020235462114214897,0.10198324918746948,0.00843961350619793,0.038693420588970184,-0.02405465580523014
-0.09975634515285492,0.013087139464914799,0.022022340446710587,0.021743513643741608,-0.01653827354311943,-0.122529536485672,-0.00980109442025423,-0.0780283659696579,0.08795376121997833,-0.0758974701166153,0.29265210032463074,-0.06922418624162674,-0.22538277506828308,-0.12792888283729553,0.004623374901711941,0.16173763573169708,-0.16721972823143005,-0.0585978627204895,-0.04841495305299759,-0.022274283692240715,0.088650181889534,-0.041979219764471054,0.023671869188547134,0.08748502284288406,-0.06399476528167725,-0.3755240738391876,-0.15127554535865784,-0.10711115598678589,-0.004861384630203247,-0.049480706453323364,-0.055289339274168015,0.08282463997602463,-0.12618398666381836,-0.09126389026641846,0.00468521099537611,0.01058644987642765,-0.00476740300655365,-0.05366425961256027,0.1861877143383026,0.01930445060133934,-0.15654027462005615,-0.0072521427646279335,0.026807185262441635,0.24337740242481232,0.2164439707994461,0.07994844764471054,0.0018077492713928223,-0.08887682855129242,0.05901859328150749,-0.16373595595359802,-0.031797707080841064,0.16319113969802856,0.04239832982420921,0.06356867402791977,-0.0287924837321043,-0.10300525277853012,0.05597823113203049,0.03891284018754959,-0.19404615461826324,-0.03246607258915901,0.01891067624092102,-0.12365760654211044,-0.050653040409088135,-0.029403988271951675,0.2265741527080536,0.09078209102153778,-0.10910246521234512,-0.17683224380016327,0.15379446744918823,-0.1871473789215088,-0.09182919561862946,0.0004208092577755451,-0.2002568393945694,-0.18997061252593994,-0.3183465898036957,0.048853568732738495,0.3503630757331848,0.09821959584951401,-0.17769891023635864,0.09358624368906021,-0.09316875785589218,-0.03492605313658714,0.14137151837348938,0.13525308668613434,0.004221076145768166,-0.048474863171577454,-0.12255600839853287,-0.033944323658943176,0.13471217453479767,-0.05483854189515114,-0.04261760413646698,0.19171229004859924,-0.03782007470726967,0.0977366492152214,0.08744386583566666,0.02146245166659355,-0.07945030182600021,0.05250111594796181,-0.1344488561153412,-0.0089397132396698,0.07241705060005188,-0.03862263262271881,0.007772156037390232,0.09744317829608917,-0.10338558256626129,0.10330847650766373,-0.0034939490724354982,0.03193282335996628,0.04181161895394325,-0.010536804795265198,-0.14803649485111237,-0.08850842714309692,0.09737449884414673,-0.1864134520292282,0.20539771020412445,0.18555696308612823,0.07623691856861115,0.10383284091949463,0.12421988695859909,0.10701493918895721,-0.0550619475543499,0.007071489468216896,-0.24105337262153625,0.012906073592603207,0.09074614197015762,0.008196812123060226,0.042836301028728485,-0.03167996183037758
-0.10612204670906067,0.016202155500650406,0.045021407306194305,0.007330138236284256,-0.024250682443380356,-0.1287371814250946,-0.0007264250889420509,-0.061501652002334595,0.1303074061870575,-0.09801303595304489,0.291761189699173,-0.06856633722782135,-0.22309927642345428,-0.07518990337848663,-0.004510018974542618,0.1633615642786026,-0.1882169246673584,-0.048388753086328506,-0.027854718267917633,0.003712806850671768,0.09848610311746597,-0.06132398173213005,-0.0066465032286942005,0.09265046566724777,-0.04804195091128349,-0.359403520822525,-0.14922350645065308,-0.09763302654027939,0.008219260722398758,-0.04038660600781441,-0.03483426943421364,0.05675029754638672,-0.14398092031478882,-0.09276477992534637,-0.000942794606089592,0.038346730172634125,-0.02531602419912815,-0.04735444486141205,0.18384256958961487,0.009284615516662598,-0.15429633855819702,-0.0005240906029939651,-0.006426188163459301,0.25367701053619385,0.1578214317560196,0.07084666937589645,-0.0030856430530548096,-0.08841575682163239,0.05915434658527374,-0.17152312397956848,-0.010525889694690704,0.15266618132591248,0.07205113768577576,0.07020901143550873,-1.3729557394981384e-05,-0.09684929996728897,0.08981984853744507,0.06398029625415802,-0.23093566298484802,-0.013327854685485363,0.04550601914525032,-0.1253819763660431,-0.02583962306380272,-0.02333371527493,0.24798539280891418,0.09542882442474365,-0.11043716222047806,-0.16754837334156036,0.13252131640911102,-0.17603754997253418,-0.07398220151662827,0.0006951545365154743,-0.17763502895832062,-0.17933619022369385,-0.34201574325561523,0.05089857429265976,0.3494392931461334,0.09434792399406433,-0.15993164479732513,0.10659456998109818,-0.08576825261116028,-0.030808987095952034,0.14351852238178253,0.13454152643680573,-0.007162494584918022,-0.01660882867872715,-0.10483543574810028,-0.018125325441360474,0.10516732186079025,-0.051512304693460464,-0.03936243802309036,0.1799301952123642,-0.04299759864807129,0.06376099586486816,0.07095247507095337,-0.01333167590200901,-0.06102035567164421,0.021069684997200966,-0.11283252388238907,0.0006607910618185997,0.0576174296438694,-0.04637368023395538,-0.0020247451029717922,0.07980993390083313,-0.14261427521705627,0.07189208269119263,-0.006773286499083042,0.011248044669628143,0.03807484358549118,0.008297912776470184,-0.1747533082962036,-0.09428472816944122,0.09973461925983429,-0.24467356503009796,0.22392767667770386,0.17978525161743164,0.05501846224069595,0.09388253837823868,0.09090308845043182,0.08204877376556396,-0.05653443560004234,0.008327600546181202,-0.20782165229320526,0.015461933799088001,0.09133164584636688,0.016487056389451027,0.06006179749965668,-0.033008161932229996
-0.11851560324430466,0.021335840225219727,0.0526370108127594,0.006873449310660362,-0.01438287552446127,-0.12012336403131485,0.009857584722340107,-0.05711298808455467,0.11830994486808777,-0.07794860005378723,0.30749672651290894,-0.06610482931137085,-0.21310704946517944,-0.07748248428106308,-0.0034410785883665085,0.14438793063163757,-0.1890505701303482,-0.033342212438583374,-0.025642137974500656,-0.004587650764733553,0.09360013157129288,-0.04838757961988449,-0.01825631409883499,0.10898689925670624,-0.045085109770298004,-0.37122228741645813,-0.14417921006679535,-0.10778038948774338,0.01396138034760952,-0.05710374563932419,-0.02066795527935028,0.0668250173330307,-0.13729184865951538,-0.0608377568423748,-0.015523150563240051,0.002483074553310871,-0.019373411312699318,-0.03751489520072937,0.17873436212539673,0.02429957687854767,-0.13019943237304688,-0.01717773824930191,-0.02847692370414734,0.2644902467727661,0.16472522914409637,0.07384040206670761,-0.002364395186305046,-0.08457723259925842,0.039442166686058044,-0.17962849140167236,-0.030209727585315704,0.1551467627286911,0.0755603015422821,0.04495149478316307,-0.015905659645795822,-0.1112237498164177,0.055742524564266205,0.023568935692310333,-0.225617453455925,-0.008627235889434814,0.011864678002893925,-0.13081854581832886,-0.06291481852531433,-0.027344336733222008,0.23340880870819092,0.1046728640794754,-0.11211048811674118,-0.16437238454818726,0.13452009856700897,-0.17609651386737823,-0.058545470237731934,0.008085845038294792,-0.16473478078842163,-0.1931072473526001,-0.2991388738155365,0.05927947908639908,0.3511996865272522,0.08858142793178558,-0.18556056916713715,0.09314052760601044,-0.12033168226480484,-0.025701457634568214,0.1417032778263092,0.1071416512131691,-0.024255715310573578,-0.0415111742913723,-0.1124054417014122,-0.008137663826346397,0.08992435038089752,-0.06583070755004883,-0.02698904648423195,0.18346959352493286,-0.0510113388299942,0.060781776905059814,0.057643525302410126,-0.019731609150767326,-0.05980522558093071,0.05470980331301689,-0.08843551576137543,-0.005444771144539118,0.08320380747318268,-0.03931822255253792,0.01275117788463831,0.07426563650369644,-0.1596023440361023,0.08757343143224716,0.01013648509979248,-0.0005585267208516598,0.07207483053207397,0.002569854026660323,-0.18432015180587769,-0.09999661892652512,0.11481358855962753,-0.24944929778575897,0.2136073261499405,0.18058237433433533,0.039850737899541855,0.11528047174215317,0.08347274363040924,0.09308988600969315,-0.059166982769966125,-0.001972626894712448,-0.2044733166694641,0.03198966383934021,0.09912306815385818,0.014944979920983315,0.023068835958838463,-0.06039261072874069
-0.09536387026309967,0.029184184968471527,0.06610984355211258,0.016631104052066803,-0.006002066191285849,-0.11180153489112854,-0.0006426842883229256,-0.048985209316015244,0.1205998957157135,-0.07175296545028687,0.28980135917663574,-0.06467992812395096,-0.21746063232421875,-0.1142936646938324,-0.008030496537685394,0.1581091731786728,-0.16515888273715973,-0.033757392317056656,-0.02740705944597721,-0.006328335963189602,0.09825149178504944,-0.048535533249378204,0.02942628785967827,0.08058714121580124,-0.05305185914039612,-0.379268616437912,-0.16449826955795288,-0.11847824603319168,0.0300140418112278,-0.044072769582271576,-0.04196684807538986,0.06587058305740356,-0.13494549691677094,-0.07730205357074738,-0.015267168171703815,0.009358644485473633,-0.007701358757913113,-0.04428776353597641,0.16870413720607758,0.020253844559192657,-0.13916851580142975,-0.024941693991422653,-0.027281582355499268,0.25610649585723877,0.1838332712650299,0.08137884736061096,0.013303522020578384,-0.0864902064204216,0.04548123851418495,-0.1650022715330124,0.0025275498628616333,0.14308926463127136,0.059035636484622955,0.06367389857769012,-0.0016157794743776321,-0.09183622151613235,0.07227037847042084,0.0449630543589592,-0.2254091501235962,-0.020109090954065323,0.02581990696489811,-0.10937169194221497,-0.05818916857242584,-0.028995024040341377,0.23400501906871796,0.10108596086502075,-0.1013796254992485,-0.18363086879253387,0.15273340046405792,-0.17666424810886383,-0.04298795759677887,0.020267436280846596,-0.18359346687793732,-0.17302319407463074,-0.31069478392601013,0.06670655310153961,0.3377428352832794,0.10764749348163605,-0.1621459573507309,0.09190618246793747,-0.11239202320575714,-0.016787100583314896,0.13773655891418457,0.10987900197505951,-0.015432458370923996,-0.021371956914663315,-0.10891075432300568,-0.013156222179532051,0.08983367681503296,-0.08153259754180908,-0.03395562991499901,0.19102104008197784,-0.050746165215969086,0.07399716973304749,0.05347807705402374,-0.021268080919981003,-0.05806218087673187,0.06893844902515411,-0.11080126464366913,0.003743260633200407,0.08738258481025696,-0.02971109189093113,0.011420649476349354,0.0674392580986023,-0.1351114958524704,0.07920992374420166,0.002024101559072733,0.011792716570198536,0.05778373032808304,-0.02455492690205574,-0.1898534893989563,-0.08901380002498627,0.12242378294467926,-0.23412708938121796,0.21608363091945648,0.17880699038505554,0.060627687722444534,0.09853067994117737,0.10556129366159439,0.1015288308262825,-0.04645109176635742,-0.02527650073170662,-0.21231961250305176,0.04184020683169365,0.11688651889562607,-0.0021639387123286724,0.022375591099262238,-0.045184310525655746
-0.09824993461370468,0.028763461858034134,0.06618572026491165,0.00770639069378376,-0.013469424098730087,-0.10704919695854187,0.0006095860153436661,-0.06319461017847061,0.12179017812013626,-0.07379952073097229,0.29439160227775574,-0.06304081529378891,-0.21662643551826477,-0.12584446370601654,-0.014426138252019882,0.16709807515144348,-0.16586655378341675,-0.036272961646318436,-0.0290659349411726,-0.008838603273034096,0.0962706208229065,-0.059489164501428604,0.03228994086384773,0.06260127574205399,-0.058443762362003326,-0.37416043877601624,-0.15208929777145386,-0.11023612320423126,0.02432473748922348,-0.028559615835547447,-0.04628569260239601,0.06717869639396667,-0.1469108760356903,-0.09567618370056152,-0.01479489728808403,0.014807566069066525,-0.01797710731625557,-0.0396452397108078,0.1575053483247757,0.005118262954056263,-0.14795881509780884,-0.01829926297068596,-0.00935183372348547,0.24485056102275848,0.19782598316669464,0.07619304955005646,0.01921512931585312,-0.09679688513278961,0.04966875538229942,-0.15936216711997986,-0.0062292516231536865,0.1270214021205902,0.05359609052538872,0.06972477585077286,-0.007560023106634617,-0.09995713084936142,0.0654451847076416,0.05542861670255661,-0.21321707963943481,-0.019989751279354095,0.022966891527175903,-0.10181108117103577,-0.0574333593249321,-0.030826635658740997,0.2365809828042984,0.0942663624882698,-0.11124202609062195,-0.18247346580028534,0.14760850369930267,-0.1691499501466751,-0.037881407886743546,0.022839590907096863,-0.18503226339817047,-0.1770510971546173,-0.3199422359466553,0.055745869874954224,0.3365969955921173,0.0910087302327156,-0.16311749815940857,0.08238369226455688,-0.10247480124235153,-0.014216510578989983,0.14361245930194855,0.1252998262643814,0.0014545395970344543,-0.011440890841186047,-0.0980890542268753,-0.022753115743398666,0.0984463170170784,-0.08555516600608826,-0.040184471756219864,0.20156368613243103,-0.04827132448554039,0.07547083497047424,0.05139705538749695,-0.00022645149147138,-0.05924488604068756,0.07274933159351349,-0.12250040471553802,-1.3007782399654388e-05,0.08163008838891983,-0.03378956764936447,0.01161977183073759,0.06355419754981995,-0.12631940841674805,0.08369868248701096,0.0030820234678685665,0.041402846574783325,0.053043585270643234,-0.04171518236398697,-0.168186753988266,-0.08359085023403168,0.11810492724180222,-0.23008321225643158,0.21819162368774414,0.18798679113388062,0.05976284667849541,0.1000920757651329,0.11538805067539215,0.08512139320373535,-0.036181703209877014,-0.01653018780052662,-0.21080835163593292,0.048444513231515884,0.10635826736688614,-0.014753328636288643,0.033537983894348145,-0.038190215826034546
-0.11920912563800812,0.004402351565659046,0.07141929864883423,-0.003450845368206501,-0.019197192043066025,-0.11987929046154022,0.019488977268338203,-0.04214348644018173,0.11317110061645508,-0.08371052891016006,0.30130064487457275,-0.06058574095368385,-0.21963666379451752,-0.07841678708791733,0.0019056708551943302,0.16640792787075043,-0.18399256467819214,-0.04300867021083832,-0.04266071692109108,-0.013357430696487427,0.07942936569452286,-0.04980658367276192,-0.017227454110980034,0.09481407701969147,-0.058853209018707275,-0.36119726300239563,-0.14843150973320007,-0.09851884841918945,-0.0024343179538846016,-0.041818276047706604,-0.0419074110686779,0.06213290989398956,-0.139632448554039,-0.06840359419584274,-0.012947888113558292,0.011457803659141064,-0.018448438495397568,-0.04323743283748627,0.17326878011226654,0.02568647637963295,-0.15288172662258148,-0.0014325506053864956,-0.00933783408254385,0.2557194232940674,0.18498490750789642,0.06483257561922073,-0.011612385511398315,-0.07906410843133926,0.04835231229662895,-0.180623859167099,-0.011549338698387146,0.14021049439907074,0.0766724944114685,0.04974568635225296,-0.009117426350712776,-0.10451650619506836,0.05404355749487877,0.0385652631521225,-0.2314489781856537,-0.01717466488480568,0.00995121244341135,-0.1323748230934143,-0.05927952006459236,-0.042032431811094284,0.23153407871723175,0.10998184978961945,-0.12117694318294525,-0.1844310611486435,0.15440163016319275,-0.17506377398967743,-0.05933431535959244,0.011947374790906906,-0.17984876036643982,-0.18250101804733276,-0.3315999209880829,0.07198363542556763,0.344760537147522,0.08109065145254135,-0.18443331122398376,0.08873400092124939,-0.10228193551301956,-0.031754765659570694,0.13348235189914703,0.12569741904735565,-0.012305603362619877,-0.030772268772125244,-0.10524240881204605,-0.01342655997723341,0.09754378348588943,-0.06380441039800644,-0.042674656957387924,0.18468552827835083,-0.046368032693862915,0.06013023108243942,0.06373339146375656,-0.004157515242695808,-0.05952085554599762,0.043975237756967545,-0.11680654436349869,0.003801296930760145,0.075141042470932,-0.04209252446889877,0.00016681617125868797,0.08486362546682358,-0.13679669797420502,0.08384107053279877,0.0024781329557299614,0.0019317222759127617,0.04534842073917389,-0.0033871387131512165,-0.18801721930503845,-0.09949631243944168,0.11131909489631653,-0.2411407232284546,0.20981237292289734,0.18374356627464294,0.04983974248170853,0.09193981438875198,0.09413991123437881,0.07953651249408722,-0.05509185418486595,0.008745985105633736,-0.21688589453697205,0.03619964048266411,0.10810001939535141,-0.004047071561217308,0.043431658297777176,-0.03340788185596466
-0.154249906539917,0.027558661997318268,0.06458281725645065,-0.0060844081453979015,-0.027000855654478073,-0.11060304194688797,0.010840758681297302,-0.06093207001686096,0.1554875373840332,-0.08310463279485703,0.31862661242485046,-0.07134293764829636,-0.2229418307542801,-0.0468275249004364,-0.020332317799329758,0.17165586352348328,-0.19876722991466522,-0.05500207841396332,-0.015310871414840221,-0.020899923518300056,0.057740435004234314,-0.04336738958954811,-0.020986283197999,0.10677981376647949,-0.07092365622520447,-0.3717539310455322,-0.1375943273305893,-0.11500728875398636,-0.0065646665170788765,-0.04277611896395683,-0.03656455874443054,0.10006083548069,-0.14144954085350037,-0.07120112329721451,0.01122881006449461,0.03207201510667801,-0.024740654975175858,-0.016028204932808876,0.1938672959804535,-0.005092949606478214,-0.14163459837436676,-0.008568452671170235,-0.012508963234722614,0.28051280975341797,0.18290314078330994,0.04995065927505493,-0.028445489704608917,-0.08460789918899536,0.030134273692965508,-0.17644549906253815,-0.01820366270840168,0.15012593567371368,0.0950603187084198,0.04933679476380348,-0.03401327133178711,-0.11115656048059464,0.056840021163225174,0.03055504895746708,-0.24884440004825592,-0.011566407047212124,0.03370927646756172,-0.1714046597480774,-0.047606006264686584,-0.0021009286865592003,0.24554476141929626,0.12119828909635544,-0.1125665158033371,-0.1785864382982254,0.18088410794734955,-0.17249402403831482,-0.040561310946941376,0.0035132202319800854,-0.16956816613674164,-0.205215722322464,-0.3128151595592499,0.05649793893098831,0.3432793617248535,0.08294758200645447,-0.1941884160041809,0.09759854525327682,-0.09910456091165543,-0.034269168972969055,0.11619134247303009,0.11254017055034637,-0.04148842394351959,-0.04885325953364372,-0.11634518951177597,-0.004081448540091515,0.11492667347192764,-0.047380317002534866,-0.04438730329275131,0.19362230598926544,-0.04149723798036575,0.04219592735171318,0.08995608240365982,0.0043576983734965324,-0.05532967671751976,0.025216778740286827,-0.13705679774284363,-0.003963526804000139,0.05247082933783531,-0.044352106750011444,3.1057046726346016e-05,0.10485698282718658,-0.1581191122531891,0.09992548823356628,-0.0033154345583170652,-0.005706497468054295,0.028353974223136902,0.007021433673799038,-0.16259600222110748,-0.10414568334817886,0.13683679699897766,-0.23471127450466156,0.2138763964176178,0.16602668166160583,0.06373712420463562,0.12896904349327087,0.07846908271312714,0.0647336021065712,-0.04723610728979111,-0.0009326338768005371,-0.2123081237077713,0.02845483087003231,0.10120730847120285,-0.007854636758565903,0.06213725358247757,-0.012221425771713257
-0.10974434018135071,0.03697658330202103,0.10016219317913055,0.03150903061032295,-0.013735778629779816,-0.12082145363092422,0.028072644025087357,-0.05848335847258568,0.1235918253660202,-0.05026708170771599,0.3014449179172516,-0.060393720865249634,-0.2192603498697281,-0.09146033972501755,-0.031045308336615562,0.1624387800693512,-0.20240361988544464,-0.03252221643924713,-0.03771871328353882,-0.014669468626379967,0.10432454943656921,-0.061206500977277756,0.03093862161040306,0.05787188187241554,-0.0696130245923996,-0.36188507080078125,-0.15301993489265442,-0.12667721509933472,0.06233769655227661,-0.018930885940790176,-0.05315181612968445,0.06285333633422852,-0.15266306698322296,-0.0792572870850563,-0.020278364419937134,0.022506732493638992,-0.012830087915062904,-0.03607580065727234,0.16444212198257446,-0.00952063873410225,-0.14495213329792023,-0.005651584826409817,-0.033393580466508865,0.24634236097335815,0.1960069239139557,0.0803353488445282,-0.012638192623853683,-0.08764465153217316,0.023089507594704628,-0.17706237733364105,0.010457555763423443,0.14463308453559875,0.05566629767417908,0.08657338470220566,-0.031059276312589645,-0.1029718890786171,0.06239936500787735,0.05236455798149109,-0.24669167399406433,-0.025196222588419914,0.0239469762891531,-0.12167409062385559,-0.05241021513938904,-0.01570196822285652,0.23425737023353577,0.11809971183538437,-0.12104299664497375,-0.17043164372444153,0.15080274641513824,-0.18090146780014038,-0.01774883270263672,0.027135368436574936,-0.17955727875232697,-0.1574004590511322,-0.32348307967185974,0.06354852765798569,0.3620400130748749,0.07122915238142014,-0.16762413084506989,0.04631686955690384,-0.13447429239749908,-0.015212060883641243,0.13934898376464844,0.09507601708173752,-0.028989683836698532,-0.02857997827231884,-0.12686939537525177,-0.0042790938168764114,0.08413774520158768,-0.09318860620260239,-0.04284060373902321,0.2085302770137787,-0.04160188138484955,0.06176167353987694,0.04230668023228645,0.017403671517968178,-0.050553515553474426,0.05092755705118179,-0.12071885168552399,-0.006228947080671787,0.09695327281951904,-0.02740747109055519,-0.008698664605617523,0.08102601766586304,-0.1267942637205124,0.06176307424902916,0.014630433171987534,0.01876448094844818,0.0615505687892437,-0.05693159997463226,-0.18596012890338898,-0.10035060346126556,0.14061303436756134,-0.23517294228076935,0.23339290916919708,0.19886994361877441,0.04515577480196953,0.0860518366098404,0.09169156849384308,0.06733295321464539,-0.05799822136759758,-0.039382532238960266,-0.20995675027370453,0.058956876397132874,0.12179160118103027,-0.016633857041597366,0.023987088352441788,-0.039066802710294724
-0.1186370700597763,0.003489997237920761,0.0820787250995636,0.02574915997684002,-0.015961507335305214,-0.12485835701227188,0.015481134876608849,-0.02520766109228134,0.12407293170690536,-0.07802852988243103,0.28899723291397095,-0.07126668095588684,-0.21212394535541534,-0.07278919219970703,-0.001293994951993227,0.1757531613111496,-0.1897253841161728,-0.02922936901450157,-0.0500376895070076,-0.007198304403573275,0.10289634019136429,-0.03378469869494438,-0.013723005540668964,0.08722294121980667,-0.0731113851070404,-0.3658149838447571,-0.13275915384292603,-0.1205856129527092,0.012077744118869305,-0.04292158782482147,-0.05437837913632393,0.06944789737462997,-0.1451341211795807,-0.06886977702379227,-0.01499108411371708,0.00458515714854002,-0.016825024038553238,-0.03341645002365112,0.1881059855222702,0.02767123654484749,-0.15703099966049194,-0.017436355352401733,-0.02635803073644638,0.2337675243616104,0.18631018698215485,0.06849373131990433,-0.013791332021355629,-0.08010287582874298,0.03692495450377464,-0.20511184632778168,-0.013019729405641556,0.1399143785238266,0.07548507302999496,0.07953818142414093,-0.013400811702013016,-0.1113593578338623,0.054867491126060486,0.02665160596370697,-0.234076127409935,-0.018834633752703667,0.012223837897181511,-0.14547674357891083,-0.053829118609428406,-0.02036888711154461,0.2425493448972702,0.09944553673267365,-0.11752785742282867,-0.1553417593240738,0.14280663430690765,-0.1750659942626953,-0.04440411925315857,0.011073696427047253,-0.1566794365644455,-0.18351879715919495,-0.3371323347091675,0.06405753642320633,0.34488579630851746,0.08275843411684036,-0.20118005573749542,0.07996958494186401,-0.1135457381606102,-0.03391373157501221,0.14934244751930237,0.11779803782701492,-0.008825303055346012,-0.03202803432941437,-0.0916031077504158,-0.004432670772075653,0.09414564073085785,-0.07880016416311264,-0.024777283892035484,0.1953253298997879,-0.03945817053318024,0.07477182894945145,0.052413325756788254,-0.014983618631958961,-0.03970358520746231,0.03414282202720642,-0.09430328011512756,0.022209342569112778,0.07821255177259445,-0.023129159584641457,0.00245254160836339,0.07009982317686081,-0.1351681351661682,0.07884471118450165,0.00799342431128025,-0.011327704414725304,0.04687982425093651,-0.01993529126048088,-0.19705131649971008,-0.09388533979654312,0.11789419502019882,-0.237873837351799,0.22039473056793213,0.17980535328388214,0.03128230571746826,0.10903966426849365,0.08581956475973129,0.08169006556272507,-0.05918983742594719,-0.004168369807302952,-0.21843382716178894,0.04695197939872742,0.13517725467681885,-0.0012715021148324013,0.033510833978652954,-0.03864414244890213
-0.07747095078229904,0.038081228733062744,0.074310302734375,0.028723064810037613,-0.03363008052110672,-0.11019332706928253,-0.00043263472616672516,-0.09358501434326172,0.1376539021730423,-0.12022332847118378,0.3046887516975403,-0.031678274273872375,-0.18712082505226135,-0.044131822884082794,0.0063176387920975685,0.17708875238895416,-0.18659614026546478,-0.03735365346074104,-0.05053829774260521,0.03426782414317131,0.1125253364443779,-0.034204792231321335,0.04660297557711601,0.052292585372924805,-0.0023908689618110657,-0.3837079107761383,-0.15315212309360504,-0.10428866744041443,0.04339560121297836,-0.022870730608701706,-0.05471578612923622,0.046134065836668015,-0.1175837591290474,-0.02341124229133129,-0.02067209780216217,-0.015447959303855896,-0.03440963104367256,-0.06434847414493561,0.24541908502578735,-0.017070330679416656,-0.21828973293304443,0.019097868353128433,-0.019443420693278313,0.213105708360672,0.16931170225143433,0.023180626332759857,0.02174152433872223,-0.10709995776414871,0.08726717531681061,-0.1814526617527008,0.02302815206348896,0.1364867240190506,0.100381039083004,0.05669037997722626,-0.024197004735469818,-0.09316128492355347,0.040581293404102325,0.02969309315085411,-0.15757110714912415,-0.0038277513813227415,0.09870491176843643,-0.1316467523574829,-0.06809476017951965,-0.029452314600348473,0.2452884316444397,0.11026928573846817,-0.11062359809875488,-0.16432030498981476,0.12808890640735626,-0.13427922129631042,-0.05337122455239296,0.028429482132196426,-0.21773719787597656,-0.18586601316928864,-0.2671598792076111,0.04082535579800606,0.3757074773311615,0.05243593454360962,-0.1710842251777649,0.07113732397556305,-0.14253202080726624,0.017486795783042908,0.13933835923671722,0.12260673195123672,-0.003069760277867317,-0.030837910249829292,-0.12195301055908203,0.017008738592267036,0.16274727880954742,-0.1345631331205368,-0.03451509773731232,0.22887399792671204,-0.017920471727848053,0.10604377090930939,0.013787033036351204,-0.007435551844537258,0.012283495627343655,0.026739107444882393,-0.11824861168861389,0.02249670960009098,0.09404829144477844,-0.025866925716400146,-0.013803687877953053,0.07219353318214417,-0.17259027063846588,0.08151628822088242,0.00943971611559391,0.05975756049156189,0.1306891292333603,0.00356803135946393,-0.1787036657333374,-0.11001218855381012,0.1117466613650322,-0.1935988813638687,0.228212371468544,0.15740947425365448,0.06202920153737068,0.08016511797904968,0.0834740549325943,0.1112794429063797,-0.04854327440261841,-0.03584800288081169,-0.25724777579307556,0.052048470824956894,0.14188197255134583,0.0568670928478241,0.002685287967324257,-0.019020073115825653
